--------------------------------------------------------
--  File created - Sunday-September-01-2013   
--------------------------------------------------------
DROP TABLE "EXPENSE"."ACCOUNT" cascade constraints;
DROP TABLE "EXPENSE"."CATEGORY" cascade constraints;
DROP TABLE "EXPENSE"."COUNTRY" cascade constraints;
DROP TABLE "EXPENSE"."CURRENCY" cascade constraints;
DROP TABLE "EXPENSE"."FORMAT_DATE" cascade constraints;
DROP TABLE "EXPENSE"."ROLE" cascade constraints;
DROP TABLE "EXPENSE"."TRANSACTION_LOG" cascade constraints;
DROP TABLE "EXPENSE"."USER_CATEGORY" cascade constraints;
DROP TABLE "EXPENSE"."USER_CREDENTIAL" cascade constraints;
DROP TABLE "EXPENSE"."USER_DATE_FORMAT" cascade constraints;
DROP TABLE "EXPENSE"."USER_DETAILS" cascade constraints;
--------------------------------------------------------
--  DDL for Sequence ACCOUNT_SEQ
--------------------------------------------------------

   CREATE SEQUENCE  "EXPENSE"."ACCOUNT_SEQ"  MINVALUE 1 MAXVALUE 999999999999999999999999999 INCREMENT BY 1 START WITH 21 CACHE 20 NOORDER  NOCYCLE ;
--------------------------------------------------------
--  DDL for Sequence CATEGORY_SEQ
--------------------------------------------------------

   CREATE SEQUENCE  "EXPENSE"."CATEGORY_SEQ"  MINVALUE 1 MAXVALUE 999999999999999999999999999 INCREMENT BY 1 START WITH 81 CACHE 20 NOORDER  NOCYCLE ;
--------------------------------------------------------
--  DDL for Sequence COUNTRY_SEQ
--------------------------------------------------------

   CREATE SEQUENCE  "EXPENSE"."COUNTRY_SEQ"  MINVALUE 1 MAXVALUE 999999999999999999999999999 INCREMENT BY 1 START WITH 2 CACHE 20 NOORDER  NOCYCLE ;
--------------------------------------------------------
--  DDL for Sequence CURRENCY_SEQ
--------------------------------------------------------

   CREATE SEQUENCE  "EXPENSE"."CURRENCY_SEQ"  MINVALUE 1 MAXVALUE 999999999999999999999999999 INCREMENT BY 1 START WITH 21 CACHE 20 NOORDER  NOCYCLE ;
--------------------------------------------------------
--  DDL for Sequence DATE_FORMAT_SEQ
--------------------------------------------------------

   CREATE SEQUENCE  "EXPENSE"."DATE_FORMAT_SEQ"  MINVALUE 1 MAXVALUE 999999999999999999999999999 INCREMENT BY 1 START WITH 21 CACHE 20 NOORDER  NOCYCLE ;
--------------------------------------------------------
--  DDL for Sequence ROLE_SEQ
--------------------------------------------------------

   CREATE SEQUENCE  "EXPENSE"."ROLE_SEQ"  MINVALUE 1 MAXVALUE 999999999999999999999999999 INCREMENT BY 1 START WITH 3 CACHE 20 NOORDER  NOCYCLE ;
--------------------------------------------------------
--  DDL for Sequence TRANSACTION_LOG_SEQ
--------------------------------------------------------

   CREATE SEQUENCE  "EXPENSE"."TRANSACTION_LOG_SEQ"  MINVALUE 1 MAXVALUE 999999999999999999999999999 INCREMENT BY 1 START WITH 41 CACHE 20 NOORDER  NOCYCLE ;
--------------------------------------------------------
--  DDL for Sequence USER_CREDENTIAL_SEQ
--------------------------------------------------------

   CREATE SEQUENCE  "EXPENSE"."USER_CREDENTIAL_SEQ"  MINVALUE 1 MAXVALUE 999999999999999999999999999 INCREMENT BY 1 START WITH 44 CACHE 20 NOORDER  NOCYCLE ;
--------------------------------------------------------
--  DDL for Table ACCOUNT
--------------------------------------------------------

  CREATE TABLE "EXPENSE"."ACCOUNT" 
   (	"ACCOUNT_ID" NUMBER, 
	"ACCOUNT_NAME" VARCHAR2(30 BYTE), 
	"ACCOUNT_DEFAULT" VARCHAR2(1 BYTE)
   ) PCTFREE 10 PCTUSED 40 INITRANS 1 MAXTRANS 255 NOCOMPRESS LOGGING
  STORAGE(INITIAL 65536 NEXT 1048576 MINEXTENTS 1 MAXEXTENTS 2147483645
  PCTINCREASE 0 FREELISTS 1 FREELIST GROUPS 1 BUFFER_POOL DEFAULT)
  TABLESPACE "USERS" ;
--------------------------------------------------------
--  DDL for Table CATEGORY
--------------------------------------------------------

  CREATE TABLE "EXPENSE"."CATEGORY" 
   (	"CATEGORY_ID" NUMBER, 
	"CATEGORY_NAME" VARCHAR2(20 BYTE), 
	"CATEGORY_LEVEL" NUMBER, 
	"SUPER_CATEGORY_ID" NUMBER, 
	"CATEGORY_DEFAULT" VARCHAR2(5 BYTE)
   ) PCTFREE 10 PCTUSED 40 INITRANS 1 MAXTRANS 255 NOCOMPRESS LOGGING
  STORAGE(INITIAL 65536 NEXT 1048576 MINEXTENTS 1 MAXEXTENTS 2147483645
  PCTINCREASE 0 FREELISTS 1 FREELIST GROUPS 1 BUFFER_POOL DEFAULT)
  TABLESPACE "USERS" ;
--------------------------------------------------------
--  DDL for Table COUNTRY
--------------------------------------------------------

  CREATE TABLE "EXPENSE"."COUNTRY" 
   (	"COUNTRY_ID" NUMBER, 
	"NAME" VARCHAR2(20 BYTE)
   ) PCTFREE 10 PCTUSED 40 INITRANS 1 MAXTRANS 255 NOCOMPRESS LOGGING
  STORAGE(INITIAL 65536 NEXT 1048576 MINEXTENTS 1 MAXEXTENTS 2147483645
  PCTINCREASE 0 FREELISTS 1 FREELIST GROUPS 1 BUFFER_POOL DEFAULT)
  TABLESPACE "USERS" ;
--------------------------------------------------------
--  DDL for Table CURRENCY
--------------------------------------------------------

  CREATE TABLE "EXPENSE"."CURRENCY" 
   (	"CURRENCY_ID" NUMBER, 
	"CURRENCY_NAME" VARCHAR2(30 BYTE), 
	"COUNTRY_ID" NUMBER
   ) PCTFREE 10 PCTUSED 40 INITRANS 1 MAXTRANS 255 NOCOMPRESS LOGGING
  STORAGE(INITIAL 65536 NEXT 1048576 MINEXTENTS 1 MAXEXTENTS 2147483645
  PCTINCREASE 0 FREELISTS 1 FREELIST GROUPS 1 BUFFER_POOL DEFAULT)
  TABLESPACE "USERS" ;
--------------------------------------------------------
--  DDL for Table FORMAT_DATE
--------------------------------------------------------

  CREATE TABLE "EXPENSE"."FORMAT_DATE" 
   (	"ID" NUMBER, 
	"DATE_FORMAT_NAME" VARCHAR2(50 BYTE), 
	"FORMAT_DEFAULT" VARCHAR2(5 BYTE)
   ) PCTFREE 10 PCTUSED 40 INITRANS 1 MAXTRANS 255 NOCOMPRESS LOGGING
  STORAGE(INITIAL 65536 NEXT 1048576 MINEXTENTS 1 MAXEXTENTS 2147483645
  PCTINCREASE 0 FREELISTS 1 FREELIST GROUPS 1 BUFFER_POOL DEFAULT)
  TABLESPACE "USERS" ;
--------------------------------------------------------
--  DDL for Table ROLE
--------------------------------------------------------

  CREATE TABLE "EXPENSE"."ROLE" 
   (	"ROLE_ID" NUMBER, 
	"ROLE" VARCHAR2(20 BYTE)
   ) PCTFREE 10 PCTUSED 40 INITRANS 1 MAXTRANS 255 NOCOMPRESS LOGGING
  STORAGE(INITIAL 65536 NEXT 1048576 MINEXTENTS 1 MAXEXTENTS 2147483645
  PCTINCREASE 0 FREELISTS 1 FREELIST GROUPS 1 BUFFER_POOL DEFAULT)
  TABLESPACE "USERS" ;
--------------------------------------------------------
--  DDL for Table TRANSACTION_LOG
--------------------------------------------------------

  CREATE TABLE "EXPENSE"."TRANSACTION_LOG" 
   (	"TRANSACTION_ID" NUMBER, 
	"TRANSACTION_DATE" DATE, 
	"TRANSACTION_AMOUNT" NUMBER, 
	"DESCRIPTION" VARCHAR2(256 BYTE), 
	"CATEGORY_ID" NUMBER, 
	"USER_ID" NUMBER, 
	"ACCOUNT_ID" NUMBER
   ) PCTFREE 10 PCTUSED 40 INITRANS 1 MAXTRANS 255 NOCOMPRESS LOGGING
  STORAGE(INITIAL 65536 NEXT 1048576 MINEXTENTS 1 MAXEXTENTS 2147483645
  PCTINCREASE 0 FREELISTS 1 FREELIST GROUPS 1 BUFFER_POOL DEFAULT)
  TABLESPACE "USERS" ;
--------------------------------------------------------
--  DDL for Table USER_CATEGORY
--------------------------------------------------------

  CREATE TABLE "EXPENSE"."USER_CATEGORY" 
   (	"USER_ID" NUMBER, 
	"CATEGORY_ID" NUMBER
   ) PCTFREE 10 PCTUSED 40 INITRANS 1 MAXTRANS 255 NOCOMPRESS LOGGING
  STORAGE(INITIAL 65536 NEXT 1048576 MINEXTENTS 1 MAXEXTENTS 2147483645
  PCTINCREASE 0 FREELISTS 1 FREELIST GROUPS 1 BUFFER_POOL DEFAULT)
  TABLESPACE "USERS" ;
--------------------------------------------------------
--  DDL for Table USER_CREDENTIAL
--------------------------------------------------------

  CREATE TABLE "EXPENSE"."USER_CREDENTIAL" 
   (	"USER_ID" NUMBER, 
	"EMAIL" VARCHAR2(50 BYTE), 
	"PASSWORD" VARCHAR2(30 BYTE), 
	"ROLE_ID" NUMBER
   ) PCTFREE 10 PCTUSED 40 INITRANS 1 MAXTRANS 255 NOCOMPRESS LOGGING
  STORAGE(INITIAL 65536 NEXT 1048576 MINEXTENTS 1 MAXEXTENTS 2147483645
  PCTINCREASE 0 FREELISTS 1 FREELIST GROUPS 1 BUFFER_POOL DEFAULT)
  TABLESPACE "USERS" ;
--------------------------------------------------------
--  DDL for Table USER_DATE_FORMAT
--------------------------------------------------------

  CREATE TABLE "EXPENSE"."USER_DATE_FORMAT" 
   (	"USER_ID" NUMBER, 
	"DATE_FORMAT_ID" NUMBER
   ) PCTFREE 10 PCTUSED 40 INITRANS 1 MAXTRANS 255 NOCOMPRESS LOGGING
  STORAGE(INITIAL 65536 NEXT 1048576 MINEXTENTS 1 MAXEXTENTS 2147483645
  PCTINCREASE 0 FREELISTS 1 FREELIST GROUPS 1 BUFFER_POOL DEFAULT)
  TABLESPACE "USERS" ;
--------------------------------------------------------
--  DDL for Table USER_DETAILS
--------------------------------------------------------

  CREATE TABLE "EXPENSE"."USER_DETAILS" 
   (	"USER_ID" NUMBER, 
	"FIRST_NAME" VARCHAR2(30 BYTE), 
	"LAST_NAME" VARCHAR2(30 BYTE), 
	"GENDER" VARCHAR2(1 BYTE), 
	"COUNTRY_ID" NUMBER
   ) PCTFREE 10 PCTUSED 40 INITRANS 1 MAXTRANS 255 NOCOMPRESS LOGGING
  STORAGE(INITIAL 65536 NEXT 1048576 MINEXTENTS 1 MAXEXTENTS 2147483645
  PCTINCREASE 0 FREELISTS 1 FREELIST GROUPS 1 BUFFER_POOL DEFAULT)
  TABLESPACE "USERS" ;
REM INSERTING into EXPENSE.ACCOUNT
SET DEFINE OFF;
Insert into EXPENSE.ACCOUNT (ACCOUNT_ID,ACCOUNT_NAME,ACCOUNT_DEFAULT) values (1,'PERSONAL EXPENSE','Y');
REM INSERTING into EXPENSE.CATEGORY
SET DEFINE OFF;
Insert into EXPENSE.CATEGORY (CATEGORY_ID,CATEGORY_NAME,CATEGORY_LEVEL,SUPER_CATEGORY_ID,CATEGORY_DEFAULT) values (1,'Income',0,null,'Y');
Insert into EXPENSE.CATEGORY (CATEGORY_ID,CATEGORY_NAME,CATEGORY_LEVEL,SUPER_CATEGORY_ID,CATEGORY_DEFAULT) values (2,'Expense',0,null,'Y');
Insert into EXPENSE.CATEGORY (CATEGORY_ID,CATEGORY_NAME,CATEGORY_LEVEL,SUPER_CATEGORY_ID,CATEGORY_DEFAULT) values (30,'Pensions',1,1,'Y');
Insert into EXPENSE.CATEGORY (CATEGORY_ID,CATEGORY_NAME,CATEGORY_LEVEL,SUPER_CATEGORY_ID,CATEGORY_DEFAULT) values (25,'Equities',1,1,'Y');
Insert into EXPENSE.CATEGORY (CATEGORY_ID,CATEGORY_NAME,CATEGORY_LEVEL,SUPER_CATEGORY_ID,CATEGORY_DEFAULT) values (23,'Salary',1,1,'Y');
Insert into EXPENSE.CATEGORY (CATEGORY_ID,CATEGORY_NAME,CATEGORY_LEVEL,SUPER_CATEGORY_ID,CATEGORY_DEFAULT) values (26,'Personal Savings',1,1,'Y');
Insert into EXPENSE.CATEGORY (CATEGORY_ID,CATEGORY_NAME,CATEGORY_LEVEL,SUPER_CATEGORY_ID,CATEGORY_DEFAULT) values (28,'Rents and Loyalties',1,1,'Y');
Insert into EXPENSE.CATEGORY (CATEGORY_ID,CATEGORY_NAME,CATEGORY_LEVEL,SUPER_CATEGORY_ID,CATEGORY_DEFAULT) values (29,'Part-time work',1,1,'Y');
Insert into EXPENSE.CATEGORY (CATEGORY_ID,CATEGORY_NAME,CATEGORY_LEVEL,SUPER_CATEGORY_ID,CATEGORY_DEFAULT) values (31,'Account Transfer',1,1,'Y');
Insert into EXPENSE.CATEGORY (CATEGORY_ID,CATEGORY_NAME,CATEGORY_LEVEL,SUPER_CATEGORY_ID,CATEGORY_DEFAULT) values (48,'Fuel',2,47,'Y');
Insert into EXPENSE.CATEGORY (CATEGORY_ID,CATEGORY_NAME,CATEGORY_LEVEL,SUPER_CATEGORY_ID,CATEGORY_DEFAULT) values (49,'Insurance',2,47,'Y');
Insert into EXPENSE.CATEGORY (CATEGORY_ID,CATEGORY_NAME,CATEGORY_LEVEL,SUPER_CATEGORY_ID,CATEGORY_DEFAULT) values (50,'Lease',2,47,'Y');
Insert into EXPENSE.CATEGORY (CATEGORY_ID,CATEGORY_NAME,CATEGORY_LEVEL,SUPER_CATEGORY_ID,CATEGORY_DEFAULT) values (51,'Maintenance',2,47,'Y');
Insert into EXPENSE.CATEGORY (CATEGORY_ID,CATEGORY_NAME,CATEGORY_LEVEL,SUPER_CATEGORY_ID,CATEGORY_DEFAULT) values (47,'Automobile',1,2,'Y');
Insert into EXPENSE.CATEGORY (CATEGORY_ID,CATEGORY_NAME,CATEGORY_LEVEL,SUPER_CATEGORY_ID,CATEGORY_DEFAULT) values (52,'Registration&Tax',2,47,'Y');
Insert into EXPENSE.CATEGORY (CATEGORY_ID,CATEGORY_NAME,CATEGORY_LEVEL,SUPER_CATEGORY_ID,CATEGORY_DEFAULT) values (53,'other',2,47,'Y');
Insert into EXPENSE.CATEGORY (CATEGORY_ID,CATEGORY_NAME,CATEGORY_LEVEL,SUPER_CATEGORY_ID,CATEGORY_DEFAULT) values (54,'Entertainment',1,2,'Y');
Insert into EXPENSE.CATEGORY (CATEGORY_ID,CATEGORY_NAME,CATEGORY_LEVEL,SUPER_CATEGORY_ID,CATEGORY_DEFAULT) values (55,'Concert',2,54,'Y');
Insert into EXPENSE.CATEGORY (CATEGORY_ID,CATEGORY_NAME,CATEGORY_LEVEL,SUPER_CATEGORY_ID,CATEGORY_DEFAULT) values (56,'Movies',2,54,'Y');
Insert into EXPENSE.CATEGORY (CATEGORY_ID,CATEGORY_NAME,CATEGORY_LEVEL,SUPER_CATEGORY_ID,CATEGORY_DEFAULT) values (57,'Party',2,54,'Y');
Insert into EXPENSE.CATEGORY (CATEGORY_ID,CATEGORY_NAME,CATEGORY_LEVEL,SUPER_CATEGORY_ID,CATEGORY_DEFAULT) values (58,'Sport',2,54,'Y');
Insert into EXPENSE.CATEGORY (CATEGORY_ID,CATEGORY_NAME,CATEGORY_LEVEL,SUPER_CATEGORY_ID,CATEGORY_DEFAULT) values (59,'other',2,54,'Y');
Insert into EXPENSE.CATEGORY (CATEGORY_ID,CATEGORY_NAME,CATEGORY_LEVEL,SUPER_CATEGORY_ID,CATEGORY_DEFAULT) values (60,'Family',1,2,'Y');
Insert into EXPENSE.CATEGORY (CATEGORY_ID,CATEGORY_NAME,CATEGORY_LEVEL,SUPER_CATEGORY_ID,CATEGORY_DEFAULT) values (61,'Child Care',2,60,'Y');
Insert into EXPENSE.CATEGORY (CATEGORY_ID,CATEGORY_NAME,CATEGORY_LEVEL,SUPER_CATEGORY_ID,CATEGORY_DEFAULT) values (62,'Child Education',2,60,'Y');
Insert into EXPENSE.CATEGORY (CATEGORY_ID,CATEGORY_NAME,CATEGORY_LEVEL,SUPER_CATEGORY_ID,CATEGORY_DEFAULT) values (63,'Toy',2,60,'Y');
Insert into EXPENSE.CATEGORY (CATEGORY_ID,CATEGORY_NAME,CATEGORY_LEVEL,SUPER_CATEGORY_ID,CATEGORY_DEFAULT) values (64,'Other',2,60,'Y');
Insert into EXPENSE.CATEGORY (CATEGORY_ID,CATEGORY_NAME,CATEGORY_LEVEL,SUPER_CATEGORY_ID,CATEGORY_DEFAULT) values (65,'Food',1,2,'Y');
Insert into EXPENSE.CATEGORY (CATEGORY_ID,CATEGORY_NAME,CATEGORY_LEVEL,SUPER_CATEGORY_ID,CATEGORY_DEFAULT) values (66,'Snack',2,65,'Y');
Insert into EXPENSE.CATEGORY (CATEGORY_ID,CATEGORY_NAME,CATEGORY_LEVEL,SUPER_CATEGORY_ID,CATEGORY_DEFAULT) values (67,'Restaurant',2,65,'Y');
Insert into EXPENSE.CATEGORY (CATEGORY_ID,CATEGORY_NAME,CATEGORY_LEVEL,SUPER_CATEGORY_ID,CATEGORY_DEFAULT) values (68,'Other',2,65,'Y');
Insert into EXPENSE.CATEGORY (CATEGORY_ID,CATEGORY_NAME,CATEGORY_LEVEL,SUPER_CATEGORY_ID,CATEGORY_DEFAULT) values (69,'Groceries',2,65,'Y');
Insert into EXPENSE.CATEGORY (CATEGORY_ID,CATEGORY_NAME,CATEGORY_LEVEL,SUPER_CATEGORY_ID,CATEGORY_DEFAULT) values (70,'Health Care',1,2,'Y');
Insert into EXPENSE.CATEGORY (CATEGORY_ID,CATEGORY_NAME,CATEGORY_LEVEL,SUPER_CATEGORY_ID,CATEGORY_DEFAULT) values (71,'Dental',2,70,'Y');
Insert into EXPENSE.CATEGORY (CATEGORY_ID,CATEGORY_NAME,CATEGORY_LEVEL,SUPER_CATEGORY_ID,CATEGORY_DEFAULT) values (72,'Eye Care',2,70,'Y');
Insert into EXPENSE.CATEGORY (CATEGORY_ID,CATEGORY_NAME,CATEGORY_LEVEL,SUPER_CATEGORY_ID,CATEGORY_DEFAULT) values (73,'Health Insurance',2,70,'Y');
Insert into EXPENSE.CATEGORY (CATEGORY_ID,CATEGORY_NAME,CATEGORY_LEVEL,SUPER_CATEGORY_ID,CATEGORY_DEFAULT) values (74,'Medical',2,70,'Y');
Insert into EXPENSE.CATEGORY (CATEGORY_ID,CATEGORY_NAME,CATEGORY_LEVEL,SUPER_CATEGORY_ID,CATEGORY_DEFAULT) values (75,'Nutrition',2,70,'Y');
Insert into EXPENSE.CATEGORY (CATEGORY_ID,CATEGORY_NAME,CATEGORY_LEVEL,SUPER_CATEGORY_ID,CATEGORY_DEFAULT) values (76,'Other',2,70,'Y');
Insert into EXPENSE.CATEGORY (CATEGORY_ID,CATEGORY_NAME,CATEGORY_LEVEL,SUPER_CATEGORY_ID,CATEGORY_DEFAULT) values (77,'Prescription',2,70,'Y');
REM INSERTING into EXPENSE.COUNTRY
SET DEFINE OFF;
Insert into EXPENSE.COUNTRY (COUNTRY_ID,NAME) values (1,'India');
REM INSERTING into EXPENSE.CURRENCY
SET DEFINE OFF;
Insert into EXPENSE.CURRENCY (CURRENCY_ID,CURRENCY_NAME,COUNTRY_ID) values (1,'INR',1);
REM INSERTING into EXPENSE.FORMAT_DATE
SET DEFINE OFF;
Insert into EXPENSE.FORMAT_DATE (ID,DATE_FORMAT_NAME,FORMAT_DEFAULT) values (1,'DD/MM/YYYY','Y');
Insert into EXPENSE.FORMAT_DATE (ID,DATE_FORMAT_NAME,FORMAT_DEFAULT) values (2,'DD-MM-YYYY','N');
Insert into EXPENSE.FORMAT_DATE (ID,DATE_FORMAT_NAME,FORMAT_DEFAULT) values (3,'MM/DD/YYYY','N');
Insert into EXPENSE.FORMAT_DATE (ID,DATE_FORMAT_NAME,FORMAT_DEFAULT) values (4,'MM-DD-YYYY','N');
REM INSERTING into EXPENSE.ROLE
SET DEFINE OFF;
Insert into EXPENSE.ROLE (ROLE_ID,ROLE) values (1,'ADMIN');
Insert into EXPENSE.ROLE (ROLE_ID,ROLE) values (2,'ROLE_USER');
REM INSERTING into EXPENSE.TRANSACTION_LOG
SET DEFINE OFF;
Insert into EXPENSE.TRANSACTION_LOG (TRANSACTION_ID,TRANSACTION_DATE,TRANSACTION_AMOUNT,DESCRIPTION,CATEGORY_ID,USER_ID,ACCOUNT_ID) values (21,to_date('31-AUG-13','DD-MON-RR'),500,'Refund',31,22,1);
Insert into EXPENSE.TRANSACTION_LOG (TRANSACTION_ID,TRANSACTION_DATE,TRANSACTION_AMOUNT,DESCRIPTION,CATEGORY_ID,USER_ID,ACCOUNT_ID) values (2,to_date('28-AUG-13','DD-MON-RR'),500,'Lunch',2,22,1);
Insert into EXPENSE.TRANSACTION_LOG (TRANSACTION_ID,TRANSACTION_DATE,TRANSACTION_AMOUNT,DESCRIPTION,CATEGORY_ID,USER_ID,ACCOUNT_ID) values (3,to_date('27-AUG-13','DD-MON-RR'),70,'Lunch',2,22,1);
Insert into EXPENSE.TRANSACTION_LOG (TRANSACTION_ID,TRANSACTION_DATE,TRANSACTION_AMOUNT,DESCRIPTION,CATEGORY_ID,USER_ID,ACCOUNT_ID) values (4,to_date('30-AUG-13','DD-MON-RR'),30000,'Salary',1,23,1);
Insert into EXPENSE.TRANSACTION_LOG (TRANSACTION_ID,TRANSACTION_DATE,TRANSACTION_AMOUNT,DESCRIPTION,CATEGORY_ID,USER_ID,ACCOUNT_ID) values (5,to_date('28-AUG-13','DD-MON-RR'),80,'Lunch',2,23,1);
Insert into EXPENSE.TRANSACTION_LOG (TRANSACTION_ID,TRANSACTION_DATE,TRANSACTION_AMOUNT,DESCRIPTION,CATEGORY_ID,USER_ID,ACCOUNT_ID) values (6,to_date('01-AUG-13','DD-MON-RR'),30000,'Salary',1,22,1);
Insert into EXPENSE.TRANSACTION_LOG (TRANSACTION_ID,TRANSACTION_DATE,TRANSACTION_AMOUNT,DESCRIPTION,CATEGORY_ID,USER_ID,ACCOUNT_ID) values (7,to_date('06-AUG-13','DD-MON-RR'),400,'pizza',2,22,1);
Insert into EXPENSE.TRANSACTION_LOG (TRANSACTION_ID,TRANSACTION_DATE,TRANSACTION_AMOUNT,DESCRIPTION,CATEGORY_ID,USER_ID,ACCOUNT_ID) values (8,to_date('21-AUG-13','DD-MON-RR'),4000,'udhar wapas',1,22,1);
REM INSERTING into EXPENSE.USER_CATEGORY
SET DEFINE OFF;
REM INSERTING into EXPENSE.USER_CREDENTIAL
SET DEFINE OFF;
Insert into EXPENSE.USER_CREDENTIAL (USER_ID,EMAIL,PASSWORD,ROLE_ID) values (1,'ADMIN','ADMIN',1);
Insert into EXPENSE.USER_CREDENTIAL (USER_ID,EMAIL,PASSWORD,ROLE_ID) values (28,'manish.veerwal2@gmail.com','manish',2);
Insert into EXPENSE.USER_CREDENTIAL (USER_ID,EMAIL,PASSWORD,ROLE_ID) values (26,'manish.veerwal2011@gmail.com','manish',2);
Insert into EXPENSE.USER_CREDENTIAL (USER_ID,EMAIL,PASSWORD,ROLE_ID) values (27,'manish.veerwal1@gmail.com','manish',2);
Insert into EXPENSE.USER_CREDENTIAL (USER_ID,EMAIL,PASSWORD,ROLE_ID) values (29,'manish.veerwal3@gmail.com','manish',2);
Insert into EXPENSE.USER_CREDENTIAL (USER_ID,EMAIL,PASSWORD,ROLE_ID) values (30,'manish.veerwal4@gmail.com','manish',2);
Insert into EXPENSE.USER_CREDENTIAL (USER_ID,EMAIL,PASSWORD,ROLE_ID) values (23,'manish.veerwal2010@gmail.com','manish',2);
Insert into EXPENSE.USER_CREDENTIAL (USER_ID,EMAIL,PASSWORD,ROLE_ID) values (22,'manish.veerwal@gmail.com','manish',2);
REM INSERTING into EXPENSE.USER_DATE_FORMAT
SET DEFINE OFF;
REM INSERTING into EXPENSE.USER_DETAILS
SET DEFINE OFF;
Insert into EXPENSE.USER_DETAILS (USER_ID,FIRST_NAME,LAST_NAME,GENDER,COUNTRY_ID) values (29,'b','v','M',1);
Insert into EXPENSE.USER_DETAILS (USER_ID,FIRST_NAME,LAST_NAME,GENDER,COUNTRY_ID) values (26,'m','v','M',1);
Insert into EXPENSE.USER_DETAILS (USER_ID,FIRST_NAME,LAST_NAME,GENDER,COUNTRY_ID) values (27,'manish','veer','M',1);
Insert into EXPENSE.USER_DETAILS (USER_ID,FIRST_NAME,LAST_NAME,GENDER,COUNTRY_ID) values (28,'b','v','M',1);
Insert into EXPENSE.USER_DETAILS (USER_ID,FIRST_NAME,LAST_NAME,GENDER,COUNTRY_ID) values (30,'manish','veerwal','M',1);
Insert into EXPENSE.USER_DETAILS (USER_ID,FIRST_NAME,LAST_NAME,GENDER,COUNTRY_ID) values (23,'Manish','Veerwal','M',1);
Insert into EXPENSE.USER_DETAILS (USER_ID,FIRST_NAME,LAST_NAME,GENDER,COUNTRY_ID) values (22,'Manish','Veerwal','M',1);
--------------------------------------------------------
--  DDL for Index ACCOUNT_PK
--------------------------------------------------------

  CREATE UNIQUE INDEX "EXPENSE"."ACCOUNT_PK" ON "EXPENSE"."ACCOUNT" ("ACCOUNT_ID") 
  PCTFREE 10 INITRANS 2 MAXTRANS 255 COMPUTE STATISTICS 
  STORAGE(INITIAL 65536 NEXT 1048576 MINEXTENTS 1 MAXEXTENTS 2147483645
  PCTINCREASE 0 FREELISTS 1 FREELIST GROUPS 1 BUFFER_POOL DEFAULT)
  TABLESPACE "USERS" ;
--------------------------------------------------------
--  DDL for Index CATEGORY_PK
--------------------------------------------------------

  CREATE UNIQUE INDEX "EXPENSE"."CATEGORY_PK" ON "EXPENSE"."CATEGORY" ("CATEGORY_ID") 
  PCTFREE 10 INITRANS 2 MAXTRANS 255 COMPUTE STATISTICS 
  STORAGE(INITIAL 65536 NEXT 1048576 MINEXTENTS 1 MAXEXTENTS 2147483645
  PCTINCREASE 0 FREELISTS 1 FREELIST GROUPS 1 BUFFER_POOL DEFAULT)
  TABLESPACE "USERS" ;
--------------------------------------------------------
--  DDL for Index COUNTRY_PK
--------------------------------------------------------

  CREATE UNIQUE INDEX "EXPENSE"."COUNTRY_PK" ON "EXPENSE"."COUNTRY" ("COUNTRY_ID") 
  PCTFREE 10 INITRANS 2 MAXTRANS 255 COMPUTE STATISTICS 
  STORAGE(INITIAL 65536 NEXT 1048576 MINEXTENTS 1 MAXEXTENTS 2147483645
  PCTINCREASE 0 FREELISTS 1 FREELIST GROUPS 1 BUFFER_POOL DEFAULT)
  TABLESPACE "USERS" ;
--------------------------------------------------------
--  DDL for Index CURRENCY_PK
--------------------------------------------------------

  CREATE UNIQUE INDEX "EXPENSE"."CURRENCY_PK" ON "EXPENSE"."CURRENCY" ("CURRENCY_ID") 
  PCTFREE 10 INITRANS 2 MAXTRANS 255 COMPUTE STATISTICS 
  STORAGE(INITIAL 65536 NEXT 1048576 MINEXTENTS 1 MAXEXTENTS 2147483645
  PCTINCREASE 0 FREELISTS 1 FREELIST GROUPS 1 BUFFER_POOL DEFAULT)
  TABLESPACE "USERS" ;
--------------------------------------------------------
--  DDL for Index FORMAT_DATE_PK
--------------------------------------------------------

  CREATE UNIQUE INDEX "EXPENSE"."FORMAT_DATE_PK" ON "EXPENSE"."FORMAT_DATE" ("ID") 
  PCTFREE 10 INITRANS 2 MAXTRANS 255 COMPUTE STATISTICS 
  STORAGE(INITIAL 65536 NEXT 1048576 MINEXTENTS 1 MAXEXTENTS 2147483645
  PCTINCREASE 0 FREELISTS 1 FREELIST GROUPS 1 BUFFER_POOL DEFAULT)
  TABLESPACE "USERS" ;
--------------------------------------------------------
--  DDL for Index ROLE_PK
--------------------------------------------------------

  CREATE UNIQUE INDEX "EXPENSE"."ROLE_PK" ON "EXPENSE"."ROLE" ("ROLE_ID") 
  PCTFREE 10 INITRANS 2 MAXTRANS 255 COMPUTE STATISTICS 
  STORAGE(INITIAL 65536 NEXT 1048576 MINEXTENTS 1 MAXEXTENTS 2147483645
  PCTINCREASE 0 FREELISTS 1 FREELIST GROUPS 1 BUFFER_POOL DEFAULT)
  TABLESPACE "USERS" ;
--------------------------------------------------------
--  DDL for Index TRANSACTION_LOG_PK
--------------------------------------------------------

  CREATE UNIQUE INDEX "EXPENSE"."TRANSACTION_LOG_PK" ON "EXPENSE"."TRANSACTION_LOG" ("TRANSACTION_ID") 
  PCTFREE 10 INITRANS 2 MAXTRANS 255 COMPUTE STATISTICS 
  STORAGE(INITIAL 65536 NEXT 1048576 MINEXTENTS 1 MAXEXTENTS 2147483645
  PCTINCREASE 0 FREELISTS 1 FREELIST GROUPS 1 BUFFER_POOL DEFAULT)
  TABLESPACE "USERS" ;
--------------------------------------------------------
--  DDL for Index USER_CREDENTIAL_PK
--------------------------------------------------------

  CREATE UNIQUE INDEX "EXPENSE"."USER_CREDENTIAL_PK" ON "EXPENSE"."USER_CREDENTIAL" ("USER_ID") 
  PCTFREE 10 INITRANS 2 MAXTRANS 255 COMPUTE STATISTICS 
  STORAGE(INITIAL 65536 NEXT 1048576 MINEXTENTS 1 MAXEXTENTS 2147483645
  PCTINCREASE 0 FREELISTS 1 FREELIST GROUPS 1 BUFFER_POOL DEFAULT)
  TABLESPACE "USERS" ;
--------------------------------------------------------
--  Constraints for Table ACCOUNT
--------------------------------------------------------

  ALTER TABLE "EXPENSE"."ACCOUNT" ADD CONSTRAINT "ACCOUNT_PK" PRIMARY KEY ("ACCOUNT_ID")
  USING INDEX PCTFREE 10 INITRANS 2 MAXTRANS 255 COMPUTE STATISTICS 
  STORAGE(INITIAL 65536 NEXT 1048576 MINEXTENTS 1 MAXEXTENTS 2147483645
  PCTINCREASE 0 FREELISTS 1 FREELIST GROUPS 1 BUFFER_POOL DEFAULT)
  TABLESPACE "USERS"  ENABLE;
--------------------------------------------------------
--  Constraints for Table CATEGORY
--------------------------------------------------------

  ALTER TABLE "EXPENSE"."CATEGORY" ADD CONSTRAINT "CATEGORY_PK" PRIMARY KEY ("CATEGORY_ID")
  USING INDEX PCTFREE 10 INITRANS 2 MAXTRANS 255 COMPUTE STATISTICS 
  STORAGE(INITIAL 65536 NEXT 1048576 MINEXTENTS 1 MAXEXTENTS 2147483645
  PCTINCREASE 0 FREELISTS 1 FREELIST GROUPS 1 BUFFER_POOL DEFAULT)
  TABLESPACE "USERS"  ENABLE;
 
  ALTER TABLE "EXPENSE"."CATEGORY" MODIFY ("CATEGORY_ID" NOT NULL ENABLE);
--------------------------------------------------------
--  Constraints for Table COUNTRY
--------------------------------------------------------

  ALTER TABLE "EXPENSE"."COUNTRY" ADD CONSTRAINT "COUNTRY_PK" PRIMARY KEY ("COUNTRY_ID")
  USING INDEX PCTFREE 10 INITRANS 2 MAXTRANS 255 COMPUTE STATISTICS 
  STORAGE(INITIAL 65536 NEXT 1048576 MINEXTENTS 1 MAXEXTENTS 2147483645
  PCTINCREASE 0 FREELISTS 1 FREELIST GROUPS 1 BUFFER_POOL DEFAULT)
  TABLESPACE "USERS"  ENABLE;
 
  ALTER TABLE "EXPENSE"."COUNTRY" MODIFY ("COUNTRY_ID" NOT NULL ENABLE);
--------------------------------------------------------
--  Constraints for Table CURRENCY
--------------------------------------------------------

  ALTER TABLE "EXPENSE"."CURRENCY" ADD CONSTRAINT "CURRENCY_PK" PRIMARY KEY ("CURRENCY_ID")
  USING INDEX PCTFREE 10 INITRANS 2 MAXTRANS 255 COMPUTE STATISTICS 
  STORAGE(INITIAL 65536 NEXT 1048576 MINEXTENTS 1 MAXEXTENTS 2147483645
  PCTINCREASE 0 FREELISTS 1 FREELIST GROUPS 1 BUFFER_POOL DEFAULT)
  TABLESPACE "USERS"  ENABLE;
 
  ALTER TABLE "EXPENSE"."CURRENCY" MODIFY ("CURRENCY_ID" NOT NULL ENABLE);
 
  ALTER TABLE "EXPENSE"."CURRENCY" MODIFY ("COUNTRY_ID" NOT NULL ENABLE);
--------------------------------------------------------
--  Constraints for Table FORMAT_DATE
--------------------------------------------------------

  ALTER TABLE "EXPENSE"."FORMAT_DATE" ADD CONSTRAINT "FORMAT_DATE_PK" PRIMARY KEY ("ID")
  USING INDEX PCTFREE 10 INITRANS 2 MAXTRANS 255 COMPUTE STATISTICS 
  STORAGE(INITIAL 65536 NEXT 1048576 MINEXTENTS 1 MAXEXTENTS 2147483645
  PCTINCREASE 0 FREELISTS 1 FREELIST GROUPS 1 BUFFER_POOL DEFAULT)
  TABLESPACE "USERS"  ENABLE;
 
  ALTER TABLE "EXPENSE"."FORMAT_DATE" MODIFY ("ID" NOT NULL ENABLE);
--------------------------------------------------------
--  Constraints for Table ROLE
--------------------------------------------------------

  ALTER TABLE "EXPENSE"."ROLE" ADD CONSTRAINT "ROLE_PK" PRIMARY KEY ("ROLE_ID")
  USING INDEX PCTFREE 10 INITRANS 2 MAXTRANS 255 COMPUTE STATISTICS 
  STORAGE(INITIAL 65536 NEXT 1048576 MINEXTENTS 1 MAXEXTENTS 2147483645
  PCTINCREASE 0 FREELISTS 1 FREELIST GROUPS 1 BUFFER_POOL DEFAULT)
  TABLESPACE "USERS"  ENABLE;
 
  ALTER TABLE "EXPENSE"."ROLE" MODIFY ("ROLE_ID" NOT NULL ENABLE);
--------------------------------------------------------
--  Constraints for Table TRANSACTION_LOG
--------------------------------------------------------

  ALTER TABLE "EXPENSE"."TRANSACTION_LOG" MODIFY ("TRANSACTION_ID" NOT NULL ENABLE);
 
  ALTER TABLE "EXPENSE"."TRANSACTION_LOG" MODIFY ("ACCOUNT_ID" NOT NULL ENABLE);
 
  ALTER TABLE "EXPENSE"."TRANSACTION_LOG" ADD CONSTRAINT "TRANSACTION_LOG_PK" PRIMARY KEY ("TRANSACTION_ID")
  USING INDEX PCTFREE 10 INITRANS 2 MAXTRANS 255 COMPUTE STATISTICS 
  STORAGE(INITIAL 65536 NEXT 1048576 MINEXTENTS 1 MAXEXTENTS 2147483645
  PCTINCREASE 0 FREELISTS 1 FREELIST GROUPS 1 BUFFER_POOL DEFAULT)
  TABLESPACE "USERS"  ENABLE;
--------------------------------------------------------
--  Constraints for Table USER_CREDENTIAL
--------------------------------------------------------

  ALTER TABLE "EXPENSE"."USER_CREDENTIAL" MODIFY ("USER_ID" NOT NULL ENABLE);
 
  ALTER TABLE "EXPENSE"."USER_CREDENTIAL" MODIFY ("ROLE_ID" NOT NULL ENABLE);
 
  ALTER TABLE "EXPENSE"."USER_CREDENTIAL" ADD CONSTRAINT "USER_CREDENTIAL_PK" PRIMARY KEY ("USER_ID")
  USING INDEX PCTFREE 10 INITRANS 2 MAXTRANS 255 COMPUTE STATISTICS 
  STORAGE(INITIAL 65536 NEXT 1048576 MINEXTENTS 1 MAXEXTENTS 2147483645
  PCTINCREASE 0 FREELISTS 1 FREELIST GROUPS 1 BUFFER_POOL DEFAULT)
  TABLESPACE "USERS"  ENABLE;
--------------------------------------------------------
--  Constraints for Table USER_DETAILS
--------------------------------------------------------

  ALTER TABLE "EXPENSE"."USER_DETAILS" MODIFY ("USER_ID" NOT NULL ENABLE);
 
  ALTER TABLE "EXPENSE"."USER_DETAILS" MODIFY ("COUNTRY_ID" NOT NULL ENABLE);
--------------------------------------------------------
--  Ref Constraints for Table CURRENCY
--------------------------------------------------------

  ALTER TABLE "EXPENSE"."CURRENCY" ADD CONSTRAINT "CURRENCY_COUNTRY_FK" FOREIGN KEY ("COUNTRY_ID")
	  REFERENCES "EXPENSE"."COUNTRY" ("COUNTRY_ID") ENABLE;
--------------------------------------------------------
--  Ref Constraints for Table TRANSACTION_LOG
--------------------------------------------------------

  ALTER TABLE "EXPENSE"."TRANSACTION_LOG" ADD CONSTRAINT "TRANSACTION_LOG_ACCOINT_ID_FK" FOREIGN KEY ("ACCOUNT_ID")
	  REFERENCES "EXPENSE"."ACCOUNT" ("ACCOUNT_ID") ENABLE;
 
  ALTER TABLE "EXPENSE"."TRANSACTION_LOG" ADD CONSTRAINT "TRANSACTION_LOG_CATEGORY_FK" FOREIGN KEY ("CATEGORY_ID")
	  REFERENCES "EXPENSE"."CATEGORY" ("CATEGORY_ID") ENABLE;
 
  ALTER TABLE "EXPENSE"."TRANSACTION_LOG" ADD CONSTRAINT "TRANSACTION_LOG_USER_FK2" FOREIGN KEY ("USER_ID")
	  REFERENCES "EXPENSE"."USER_CREDENTIAL" ("USER_ID") ENABLE;
--------------------------------------------------------
--  Ref Constraints for Table USER_CATEGORY
--------------------------------------------------------

  ALTER TABLE "EXPENSE"."USER_CATEGORY" ADD CONSTRAINT "USER_CATEGORY_ID_FK2" FOREIGN KEY ("CATEGORY_ID")
	  REFERENCES "EXPENSE"."CATEGORY" ("CATEGORY_ID") ENABLE;
 
  ALTER TABLE "EXPENSE"."USER_CATEGORY" ADD CONSTRAINT "USER_ID_CATEGORY_FK" FOREIGN KEY ("USER_ID")
	  REFERENCES "EXPENSE"."USER_CREDENTIAL" ("USER_ID") ENABLE;
--------------------------------------------------------
--  Ref Constraints for Table USER_CREDENTIAL
--------------------------------------------------------

  ALTER TABLE "EXPENSE"."USER_CREDENTIAL" ADD CONSTRAINT "USER_CREDENTIAL_ROLE_CON" FOREIGN KEY ("ROLE_ID")
	  REFERENCES "EXPENSE"."ROLE" ("ROLE_ID") ENABLE;
--------------------------------------------------------
--  Ref Constraints for Table USER_DATE_FORMAT
--------------------------------------------------------

  ALTER TABLE "EXPENSE"."USER_DATE_FORMAT" ADD CONSTRAINT "USER_DATE_FORMAT_ID_FK2" FOREIGN KEY ("DATE_FORMAT_ID")
	  REFERENCES "EXPENSE"."FORMAT_DATE" ("ID") ENABLE;
 
  ALTER TABLE "EXPENSE"."USER_DATE_FORMAT" ADD CONSTRAINT "USER_ID_DATE_FORMAT_FK" FOREIGN KEY ("USER_ID")
	  REFERENCES "EXPENSE"."USER_CREDENTIAL" ("USER_ID") ENABLE;
--------------------------------------------------------
--  Ref Constraints for Table USER_DETAILS
--------------------------------------------------------

  ALTER TABLE "EXPENSE"."USER_DETAILS" ADD CONSTRAINT "USER_DETAILS_COUNTRY_ID" FOREIGN KEY ("COUNTRY_ID")
	  REFERENCES "EXPENSE"."COUNTRY" ("COUNTRY_ID") ENABLE;
 
  ALTER TABLE "EXPENSE"."USER_DETAILS" ADD CONSTRAINT "USER_DETAILS_USER_ID" FOREIGN KEY ("USER_ID")
	  REFERENCES "EXPENSE"."USER_CREDENTIAL" ("USER_ID") ON DELETE CASCADE ENABLE;
--------------------------------------------------------
--  DDL for Trigger BI_ACCOUNT
--------------------------------------------------------

  CREATE OR REPLACE TRIGGER "EXPENSE"."BI_ACCOUNT" 
  before insert on "ACCOUNT"               
  for each row  
begin   
    select "ACCOUNT_SEQ".nextval into :NEW.ACCOUNT_ID from dual; 
end; 

/
ALTER TRIGGER "EXPENSE"."BI_ACCOUNT" ENABLE;
--------------------------------------------------------
--  DDL for Trigger BI_CATEGORY
--------------------------------------------------------

  CREATE OR REPLACE TRIGGER "EXPENSE"."BI_CATEGORY" 
  before insert on "CATEGORY"               
  for each row  
begin   
    select "CATEGORY_SEQ".nextval into :NEW.CATEGORY_ID from dual; 
end; 

/
ALTER TRIGGER "EXPENSE"."BI_CATEGORY" ENABLE;
--------------------------------------------------------
--  DDL for Trigger BI_COUNTRY
--------------------------------------------------------

  CREATE OR REPLACE TRIGGER "EXPENSE"."BI_COUNTRY" 
  before insert on "COUNTRY"               
  for each row  
begin   
    select "COUNTRY_SEQ".nextval into :NEW.COUNTRY_ID from dual; 
end; 

/
ALTER TRIGGER "EXPENSE"."BI_COUNTRY" ENABLE;
--------------------------------------------------------
--  DDL for Trigger BI_CURRENCY
--------------------------------------------------------

  CREATE OR REPLACE TRIGGER "EXPENSE"."BI_CURRENCY" 
  before insert on "CURRENCY"               
  for each row  
begin   
    select "CURRENCY_SEQ".nextval into :NEW.CURRENCY_ID from dual; 
end; 

/
ALTER TRIGGER "EXPENSE"."BI_CURRENCY" ENABLE;
--------------------------------------------------------
--  DDL for Trigger BI_FORMAT_DATE
--------------------------------------------------------

  CREATE OR REPLACE TRIGGER "EXPENSE"."BI_FORMAT_DATE" 
  before insert on "FORMAT_DATE"               
  for each row  
begin   
    select "DATE_FORMAT_SEQ".nextval into :NEW.ID from dual; 
end; 

/
ALTER TRIGGER "EXPENSE"."BI_FORMAT_DATE" ENABLE;
--------------------------------------------------------
--  DDL for Trigger BI_ROLE
--------------------------------------------------------

  CREATE OR REPLACE TRIGGER "EXPENSE"."BI_ROLE" 
  before insert on "ROLE"               
  for each row  
begin   
    select "ROLE_SEQ".nextval into :NEW.ROLE_ID from dual; 
end; 

/
ALTER TRIGGER "EXPENSE"."BI_ROLE" ENABLE;
--------------------------------------------------------
--  DDL for Trigger BI_TRANSACTION_LOG
--------------------------------------------------------

  CREATE OR REPLACE TRIGGER "EXPENSE"."BI_TRANSACTION_LOG" 
  before insert on "TRANSACTION_LOG"               
  for each row  
begin   
    select "TRANSACTION_LOG_SEQ".nextval into :NEW.TRANSACTION_ID from dual; 
end; 

/
ALTER TRIGGER "EXPENSE"."BI_TRANSACTION_LOG" ENABLE;
--------------------------------------------------------
--  DDL for Trigger BI_USER_CREDENTIAL
--------------------------------------------------------

  CREATE OR REPLACE TRIGGER "EXPENSE"."BI_USER_CREDENTIAL" 
  before insert on "USER_CREDENTIAL"               
  for each row  
begin   
    select "USER_CREDENTIAL_SEQ".nextval into :NEW.USER_ID from dual; 
end; 

/
ALTER TRIGGER "EXPENSE"."BI_USER_CREDENTIAL" ENABLE;
--------------------------------------------------------
--  DDL for Synonymn DUAL
--------------------------------------------------------

  CREATE OR REPLACE PUBLIC SYNONYM "DUAL" FOR "SYS"."DUAL";
